Run,GPT_mean,LLaMA_mean,t_stat,p_value
Run_1_norm,0.525,0.05,3.8826183529578695,0.0006239435869844355
Run_2_norm,0.4833333333333333,0.075,3.422308449270933,0.0019008428568868892
Run_3_norm,0.5,0.025,4.254130384675028,0.0003538576536209513
Run_4_norm,0.675,0.0,3.007827801955783,0.007235196550533785
Run_5_norm,0.4916666666666666,0.025,4.40550440419421,0.0002408601532125001
