Run,GPT_mean,LLaMA_mean,t_stat,p_value
Run_1_norm,0.3188405797101449,0.0,3.665509806985981,0.0013587798870961481
Run_2_norm,0.29130434782608694,0.0,3.6794543355829643,0.0013137525440864734
Run_3_norm,0.24637681159420288,0.0,3.591176927434505,0.0016256748611259324
Run_4_norm,0.2971014492753623,0.0,3.9336548103975786,0.0007089423296981416
Run_5_norm,0.3260869565217391,0.0,3.9690278987559724,0.0006504268935679494
