Run,GPT_mean,LLaMA_mean,t_stat,p_value
Run_1_norm,0.4418154761904762,0.0,4.202765144633679,0.004021717575158385
Run_2_norm,0.4395833333333333,0.0,4.045846563535633,0.004896478518276113
Run_3_norm,0.3270833333333333,0.0,2.5231321059549483,0.03962869168935671
Run_4_norm,0.40937500000000004,0.0,3.0559706637179085,0.018427641744347533
Run_5_norm,0.48124999999999996,0.0,3.540463772012112,0.009463972065200893
