Run,GPT_mean,LLaMA_mean,t_stat,p_value
Run_1_norm,0.5277777777777778,0.08333333333333333,4.6078441258523135,2.4834503638978286e-05
Run_2_norm,0.5277777777777778,0.1111111111111111,4.17865975394577,9.833444048013125e-05
Run_3_norm,0.5277777777777778,0.05555555555555555,5.086213249303583,5.724694343619732e-06
Run_4_norm,0.4444444444444444,0.05555555555555555,4.204808244276309,0.00010994970212937046
Run_5_norm,0.4722222222222222,0.05555555555555555,4.487835219973749,4.351234953297428e-05
